Identifier;MeasureGroupId;Index;Title;Description;DataType;Unit;Decimals;PresentationType
M006278_2;M006278_1;4;Totaal;;Double;%;1;
M002782_1;M006278_1;5;Bruto binnenlands product;"Het bruto binnenlands product (bbp) is een maat voor de omvang van de economie. De verandering van het volume van het bbp in een bepaalde tijdsperiode is een maat voor de groei (of krimp) van de economie. Het bruto binnenlands product tegen marktprijzen is het eindresultaat van de productieve activiteiten van ingezeten productie-eenheden. Het kan op drie manieren worden gedefinieerd:
- vanuit het oogpunt van de productie: het bbp is de som van de bruto toegevoegde waarde van alle institutionele sectoren of bedrijfstakken en het saldo van productgebonden belastingen en subsidies (die niet aan sectoren en bedrijfstakken worden toegerekend). Het is eveneens de sluitpost van de productierekening van de totale economie;
- vanuit het oogpunt van de bestedingen: het bbp is de som van de finale bestedingen aan goederen en diensten door ingezeten institutionele eenheden (consumptie en bruto-investeringen) en het saldo van uitvoer en invoer van goederen en diensten;
- vanuit het oogpunt van het inkomen: het bbp is de som van de bestedingen in de inkomensvormingsrekening van de totale economie (beloning van werknemers, belastingen op productie en invoer exclusief subsidies, bruto-exploitatieoverschot en gemengd inkomen van de totale economie).
Door het bbp te verminderen met het verbruik van vaste activa, wordt het netto binnenlands product (nbp) tegen marktprijzen verkregen.";Double;%;1;
A049145_1;M006278_1;6;Bbp, gecorrigeerd voor werkdageneffecten;De groei van het bruto binnenlands product na verwijdering van de werkdageneffecten. Het aantal werkdagen in twee overeenkomstige kwartalen in opeenvolgende jaren kan verschillen door een schrikkeldag, doordat een ongelijk aantal feestdagen in een weekend valt (bijvoorbeeld 1 januari) of doordat een feestdag van kwartaal is verschoven (bijvoorbeeld paasmaandag). Het effect van een extra werkdag op de groei bedraagt 0,2 à 0,3 procentpunt.;Double;%;1;
A049146_1;A049145_2;8;Totaal;;Double;%;1;
A049147_1;A049145_2;9;Goederen;De goederenstromen (verkoop, ruil en giften) van niet-ingezetenen naar ingezetenen (in Nederland). Invoer van goederen vindt plaats wanneer de economische eigendom van goederen door een niet-ingezetene wordt overgedragen aan een ingezetene, ongeacht of er sprake is van een fysieke grensoverschrijdende goederenbeweging. Een bedrijf of instantie wordt als hier ingezetene beschouwd wanneer het minimaal een jaar in Nederland actief is. Of dit bedrijf of deze instantie in buitenlandse handen is, doet niet ter zake. Tot de invoer behoren ook voor verwerking in het productieproces benodigde grondstoffen, halffabricaten, brandstoffen en voor investeringen bestemde vaste activa. De goedereninvoer omvat verder goederen die, na hooguit een kleine bewerking te hebben ondergaan, weer zijn uitgevoerd (wederuitvoer).;Double;%;1;
M002471;A049145_2;10;Diensten;De dienstenstromen (verkoop, ruil en giften) van niet-ingezetenen naar ingezetenen (in Nederland). De invoer van diensten heeft onder meer betrekking op de uitgaven van ingezeten bedrijven in het buitenland, zoals vervoersdiensten, bankdiensten en zakelijke diensten. Bij de overheid gaat het onder meer om uitgaven van Nederlandse ambassades en consulaten in het buitenland. De invoer door huishoudens bestaat uit uitgaven van ingezetenen in het buitenland.;Double;%;1;
M006359_2;M006359_1;12;Totaal;;Double;%;1;
M006359_4;M006359_3;14;Totaal;;Double;%;1;
A046348_2;A046348_1;16;Totaal;;Double;%;1;
A047811_1;A046348_1;17;Huishoudens;"Uitgaven aan goederen en diensten die door de sector huishoudens en de sector instellingen zonder winstoogmerk ten behoeve van huishoudens (IZWh's) worden gebruikt voor de rechtstreekse bevrediging van hun behoeften.
Tot de consumptieve bestedingen door huishoudens behoren de volgende grensgevallen:
- inkomen in natura zoals huisvesting, voeding en kleding en de auto van de zaak
- diensten van woningen die door de eigenaar zelf worden bewoond en waarbij dus geen sprake is van werkelijk betaalde huur. Deze diensten zijn gewaardeerd met behulp van de huurprijzen voor vergelijkbare woningen
- producten die voor eigen gebruik zijn geproduceerd, bijvoorbeeld in de landbouw. De waarde ervan is gelijk aan de marktprijs voor deze of vergelijkbare producten
- duurzame consumptiegoederen, zoals personenauto's, huishoudelijke apparaten, meubilair en kleding. De aankoop door particulieren van woningen wordt echter gerekend tot de investeringen in vaste activa van huishoudens.

Niet alle bestedingen door huishoudens worden als consumptie gezien, huishoudens kunnen ook investeren. Dit betreft met name de aanschaf van een eigen woning en grote werkzaamheden hieraan, zoals verbouwingen en buitenschilderwerk. Kleine reparaties, schilderwerk binnen en de aanschaf van meubelen vallen wel onder consumptie. Ook de aanschaf van een auto en auto-reparaties worden als consumptie gezien.

De consumptieve bestedingen door instellingen zonder winstoogmerk (izw's) ten behoeve van huishoudens omvatten de niet-marktproductie van deze sector met uitzondering van de investeringen in eigen beheer.

De detailgegevens over de consumptieve bestedingen betreffen de binnenlandse particuliere consumptieve bestedingen. Hieronder vallen de consumptieve bestedingen in Nederland, ongeacht het ingezetenschap van de consument. Hieruit kunnen de consumptieve bestedingen door huishoudens worden afgeleid door de consumptie door niet-ingezetenen in Nederland in mindering te brengen en te registreren als uitvoer en de consumptie door ingezetenen in het buitenland erbij te tellen en te registreren als invoer.";Double;%;1;
A049169_1;A046348_1;18;Overheid;"Consumptieve bestedingen door de sector overheid. De productie die de overheid levert en waar niet rechtstreeks voor wordt betaald, niet-markt-output (veiligheid bijvoorbeeld), valt onder de overheidsconsumptie. Het heet dat de overheid 'haar eigen productie consumeert'. Binnen de nationale rekeningen moet alles wat wordt geproduceerd namelijk ook worden afgenomen. Dat de consumptie van de overheidsproductie bij de overheid zelf is neergelegd, is een conventie. Naast de consumptie van eigen productie bevat de consumptie door de overheid ook bij marktproducenten aangekochte goederen en diensten die door de overheid, direct of indirect, in het kader van sociaal beleid gratis aan gezinnen worden verstrekt ('sociale uitkeringen in natura'). Voorbeelden hiervan zijn de basiszorg (gefinancierd uit AWBZ en de Zorgverzekeringswet) en de huurtoeslag. 

De consumptie van eigen productie is op te splitsen in collectieve overheidsconsumptie en individualiseerbare overheidsconsumptie. De collectieve overheidsconsumptie betreft de uitgaven door de overheid voor collectief gebruikte diensten die worden verleend aan alle leden van de samenleving, bijvoorbeeld uitgaven voor defensie, milieubescherming of openbaar bestuur.
De individualiseerbare overheidsconsumptie betreft uitgaven die zijn toe te rekenen aan specifieke delen van de samenleving. Hierbij gaat het voornamelijk om uitgaven aan onderwijs.";Double;%;1;
A044490_2;A044490_1;20;Totaal;;Double;%;1;
M000309;A044490_1;21;Bedrijven en huishoudens;Investeringen in vaste activa door vennootschappen (deel uitmakend van de sector niet-financiële ondernemingen of de sector financiële instellingen) en de sector huishoudens inclusief de sector instellingen zonder winstoogmerk ten behoeve van huishoudens (IZWh's ). De investeringen van huishoudens betreffen bijvoorbeeld die aan een eigen woning, maar ook de investeringen van zelfstandigen. ;Double;%;1;
M000483;A044490_1;22;Overheid;Investeringen in vaste activa door de sector overheid. Het betreft hier voor een groot deel investeringen in infrastructurele werken, maar ook investeringen in onderzoek en ontwikkeling, en wapensystemen.;Double;%;1;
A044493;M006359_3;23;Verandering in voorraden;"Verandering in voorraden inclusief saldo aan- en verkopen van kostbaarheden.
Veranderingen in de grondstoffen, halffabricaten, onderhanden werk (onvoltooide producten zoals schepen of machines) en eindproducten die bij de producenten aanwezig zijn en veranderingen in handelsvoorraden. Onderhanden werk in de bouw worden niet tot de voorraadvorming gerekend. Positieve veranderingen in de voorraden ontstaan wanneer in het verslagjaar goederen zijn geproduceerd, die nog niet zijn verkocht. Ook ontstaan toevoegingen aan voorraden wanneer goederen in het verslagjaar zijn gekocht, maar nog niet in het productieproces verbruikt of, in het geval van de handel, verkocht. Negatieve veranderingen in voorraden ontstaan wanneer goederen aan bestaande voorraden worden onttrokken om verkocht of in het productieproces verbruikt te worden.

De waardering van de veranderingen in voorraden gebeurt zodanig, dat er geen winsten of verliezen op voorraden door prijsveranderingen ontstaan. Beginvoorraad en eindvoorraad van elk goed worden voor dit doel tegen dezelfde prijs gewaardeerd, namelijk grondstoffen tegen de in de periode geldende gemiddelde inkoopprijs, eindproducten tegen de gemiddelde verkoopprijs en het onderhanden werk tegen de gemiddelde kostprijs.

Kostbaarheden zijn niet-financiële goederen die niet hoofdzakelijk voor productieve of consumptieve doeleinden worden gebruikt, die onder normale omstandigheden niet aan slijtage onderhevig zijn en die vooral als beleggingsobject worden verworven en bewaard.";Double;waarde uitgedrukt als % van het bbp;1;
A049140_2;A049140_1;25;Totaal;;Double;%;1;
A049141_1;A049140_1;26;Goederen;De goederenstromen (verkoop, ruil en giften) van ingezetenen (in Nederland) naar niet-ingezetenen. Uitvoer van goederen vindt plaats wanneer het economisch eigendom van goederen door een ingezetene wordt overgedragen aan een niet-ingezetene, ongeacht of er sprake is van een fysieke grensoverschrijdende goederenbeweging. Een bedrijf of instantie wordt als hier ingezetene beschouwd wanneer het minimaal een jaar in Nederland actief is. Of dit bedrijf of deze instantie in buitenlandse handen is, doet niet ter zake. De goederenuitvoer omvat ook wederuitvoer, eerder ingevoerde goederen die weer zijn uitgevoerd, na hooguit een kleine bewerking te hebben ondergaan.;Double;%;1;
A049142_1;A049140_1;27;Diensten;De dienstenstromen (verkoop, ruil en giften) van ingezetenen (in Nederland) naar niet-ingezetenen. De uitvoer van diensten omvat onder meer de diensten van Nederlandse vervoerbedrijven in het buitenland, aan het buitenland bewezen havendiensten, scheepsreparatie en de uitvoering van werken in het buitenland door Nederlandse aannemers. Onder de uitvoer van diensten vallen eveneens de bestedingen door niet-ingezetenen in Nederland.;Double;%;1;
A048156_2;A048156_1;30;Totaal;;Double;%;1;
300035_2;300035_1;32;Totaal;;Double;%;1;
301000_1;300035_1;33;A Landbouw, bosbouw en visserij;"Deze sectie omvat:
- de exploitatie van natuurlijke plantaardige en dierlijke hulpbronnen:
  w.o. de akkerbouw, veeteelt en de productie van overige planten en dieren op een agrarisch bedrijf of in het natuurlijke leefgebied;
  w.o. bosbouw, houtteelt en jacht;
  w.o. specifieke loondiensten met betrekking tot het productieproces landbouw, jacht en bosbouw worden eveneens in deze sectie ingedeeld;
  w.o. visserij: de vangst of het kweken van vis, schaaldieren en weekdieren.";Double;%;1;
300002_2;300002_1;35;Totaal;;Double;%;1;
305700;300002_1;36;B Delfstoffenwinning;"Winning van delfstoffen
Deze sectie omvat:
- de winning van in de natuur voorkomende mineralen in vaste vorm (steenkool, turf en erts), in vloeibare vorm (aardolie) of in de vorm van een gas (aardgas). Winning vindt plaats door middel van ondergrondse mijnbouw, dagbouw of boringen.
Deze sectie omvat voorts bijkomende bewerkingen die voor het vervoer en de afzet van de minerale producten noodzakelijk zijn, bijvoorbeeld het vergruizen, malen, wassen, drogen, sorteren of concentreren van ertsen, het vloeibaar maken van aardgas en het briketteren van vaste brandstoffen.
Deze werkzaamheden worden vaak door de eenheden die de delfstoffen winnen zelf uitgeoefend en/of door andere eenheden in de buurt van de winplaats.

Deze sectie omvat ook:
- de vervaardiging van steenkool- en bruinkoolbriketten, het sinteren van ertsen;
- het vergruizen, malen of op andere wijze behandelen van bepaalde soorten aarde, steen en mineralen.

Deze sectie omvat niet:
- de verwerking van delfstoffen (sectie C);
- de productie aan de bron van natuurlijk bron- of mineraalwater (1107);
- de winning, zuivering en distributie van water (3600).";Double;%;1;
307500_2;307500_1;38;Totaal;;Double;%;1;
307610;307500_1;39;10-12 Voedings-, genotmiddelenindustrie;"Deze categorie is een samentelling van categorieën:
10 Vervaardiging van voedingsmiddelen
11 Vervaardiging van dranken
12 Vervaardiging van tabaksproducten";Double;%;1;
312505;307500_1;40;13-15 Textiel-, kleding-, lederindustrie;"Deze categorie is een samentelling van categorieën:
13 Vervaardiging van textiel
14 Vervaardiging van kleding
15 Vervaardiging van leer, lederwaren en schoenen";Double;%;1;
315810;307500_1;41;16-18 Hout-, papier-, grafische industr.;"Deze categorie is een samentelling van categorieën:
16 Primaire houtbewerking en vervaardiging van artikelen van hout, kurk,
riet en vlechtwerk ( geen meubels)
17 Vervaardiging van papier, karton en papier- en kartonwaren
18 Drukkerijen, reproductie van opgenomen media";Double;%;1;
320000;307500_1;42;19 Aardolie-industrie;Vervaardiging van cokesovenproducten en aardolieverwerking;Double;%;1;
320705;307500_1;43;20-21Chemie en farmaceutische industrie;"Deze categorie is een samentelling van categorieën:
20 Vervaardiging van chemische producten
21 Vervaardiging van farmaceutische grondstoffen en producten";Double;%;1;
323705;307500_1;44;22-23 Kunststof- en bouwmateriaalindustr;"Deze categorie is een samentelling van categorieën:
22 Rubber- en kunststofproductenindustrie
23 Vervaardiging van overige niet-metaalhoudende minerale producten";Double;%;1;
328105;307500_1;45;24-25 Basismetaal, metaalprod.-industrie;"Deze categorie is een samentelling van categorieën:
24 Vervaardiging van metalen in primaire vorm
25 Vervaardiging van producten van metaal (geen machines en apparaten)";Double;%;1;
332910;307500_1;46;26-27 Elektrische en elektron. industrie;"Deze categorie is een samentelling van categorieën:
26 Vervaardiging van computers en van elektronische en optische apparatuur
27 Vervaardiging van elektrische apparatuur";Double;%;1;
336500;307500_1;47;28 Machine-industrie;Vervaardiging van overige machines en apparaten;Double;%;1;
339205;307500_1;48;29-30 Transportmiddelenindustrie;"Deze categorie is een samentelling van categorieën:
29 Vervaardiging van auto's, aanhangwagens en opleggers
30 Vervaardiging van overige transportmiddelen";Double;%;1;
300023;307500_1;49;31-33 Overige industrie en reparatie;"Deze categorie is een samentelling van categorieën:
31 Vervaardiging van meubels
32.1 Slaan van munten; bewerken van edelstenen en vervaardiging van
sieraden e.d.
32.2 Vervaardiging van muziekinstrumenten
32.3 Vervaardiging van sportartikelen
32.4 Vervaardiging van speelgoed en spellen
32.9 Vervaardiging van overige goederen
33 Reparatie en installatie van machines en apparaten";Double;%;1;
346600;300002_1;50;D Energievoorziening;"Productie en distributie van en handel in elektriciteit, aardgas, stoom en gekoelde lucht
Deze sectie omvat:
- productie en distributie van en handel in elektriciteit, aardgas en warm water.";Double;%;1;
348000;300002_1;51;E Waterbedrijven en afvalbeheer;"Winning en distributie van water; afval- en afvalwaterbeheer en sanering
Deze sectie omvat:
- winning en distributie van water;
- afvalbehandeling en recycling.";Double;%;1;
350000;300035_1;52;F Bouwnijverheid;"Bouwnijverheid
Deze sectie omvat:
- algemene en gespecialiseerde bouwkundige en civieltechnische werken, de bouwinstallatie en de afwerking van gebouwen.
Zij omvat ook nieuwbouw, reparatie, aan- en verbouwwerkzaamheden, het optrekken van geprefabriceerde gebouwen of constructies ter plaatse en van tijdelijke bouwwerken.

Onder algemene bouw valt de bouw van woningen, kantoren, winkels en andere vormen van burgerlijke- en utiliteitsbouw enzovoort of de bouw of aanleg van zware constructies als autowegen, straten, bruggen, tunnels, spoorwegen, vliegvelden, havens en andere waterbouwkundige projecten, irrigatiesystemen, rioleringen, industriële installaties, pijpleidingen en elektriciteitsleidingen, sportvoorzieningen enzovoort. Deze werkzaamheden kunnen voor eigen rekening of voor een vast bedrag of op contractbasis worden uitgevoerd. Een deel van de werkzaamheden of soms zelfs alle uitvoerende werkzaamheden kunnen worden uitbesteed aan onderaannemers.

Gespecialiseerde bouw omvat de bouw of aanleg van een gedeelte van bouwwerken en van civieltechnische werken of de hiervoor vereiste voorbereidende werkzaamheden. Er is gewoonlijk sprake van gespecialiseerde werkzaamheden ten behoeve van diverse bouwwerken, waarvoor specifieke ervaring of een speciale uitrusting nodig is. Het heien, leggen van funderingen, boren van waterputten, de cascobouw, het storten van beton, metselen, zetten van natuursteen, de bouw van steigers, dakbedekking enzovoort worden hiertoe gerekend. Gespecialiseerde bouwkundige werkzaamheden worden meestal aan onderaannemers uitbesteed, maar vooral reparaties worden in de bouw rechtstreeks voor de eigenaar van het onroerend goed uitgevoerd.

De bouwinstallatie omvat de installatie van alle voorzieningen waardoor een bouwwerk als zodanig zijn functie kan vervullen. Deze werkzaamheden worden meestal op de bouwplaats zelf verricht, hoewel bepaalde gedeelten ervan in een werkplaats kunnen worden uitgevoerd. Inbegrepen zijn loodgieterswerk, de installatie van verwarmings- en klimaatregelingssystemen, alarmsystemen en andere elektrische apparatuur, sprinklerinstallaties, liften en roltrappen enzovoort. Ook vallen hieronder isolatiewerkzaamheden (vochtwering, warmte- en geluidsisolatie), het aanbrengen van metalen beplating, de installatie van commerciële koelapparatuur, verlichtings- en signaleringssystemen voor wegen, spoorwegen, luchthavens, havens enzovoort. Het uitvoeren van reparaties in verband met deze activiteiten is ook inbegrepen.

De afwerking van gebouwen omvat werkzaamheden die zijn gericht op de afwerking of voltooiing van een bouwwerk, zoals glaszetten, stukadoorswerk, schilderen, sauzen, het aanbrengen van vloer- of wandtegels of van andere bekleding of bedekking zoals parket, tapijt, behang enzovoort, schuren van vloeren, aftimmeren, geluidstechnische werkzaamheden enzovoort. Het uitvoeren van reparaties in verband met deze activiteiten is ook inbegrepen.

Deze sectie omvat niet:
- de bouw of installatie van industriële apparatuur en machines (bijvoorbeeld de installatie van industriële ovens, turbines enzovoort)
(sectie C);
- het optrekken van volledige geprefabriceerde gebouwen of bouwwerken van zelf vervaardigde onderdelen wordt ingedeeld bij de toepasselijke rubriek van de sectie Industrie, afhankelijk van het materiaal waaruit deze voornamelijk bestaan. Indien dit echter beton is, wordt deze activiteit in deze afdeling ingedeeld.";Double;%;1;
300007_2;300007_1;54;Totaal;;Double;%;1;
300006_2;300006_1;56;Totaal;;Double;%;1;
354200;300006_1;57;G Handel;"Groot- en detailhandel; reparatie van auto's
Deze sectie omvat: 
- de groot- en detailhandel (verkoop zonder aanbrengen van veranderingen) in alle soorten goederen en de diensten die bij de verkoop van goederen worden verleend;
- tussenhandel/handelsbemiddeling;
- reparatie van auto's en motoren.

De verkoop zonder bewerking omvat de in de handel gebruikelijke handelingen, bijvoorbeeld sorteren, samenvoegen en combineren van goederen, mengen (versnijden) van goederen (bijvoorbeeld wijn of zand), bottelen (met of zonder reiniging van de fles vooraf), verpakken, opsplitsen en anders verpakken van partijen stukgoederen voor distributie in kleinere hoeveelheden, opslag (al dan niet bevroren of gekoeld), schoonmaken en drogen van landbouwproducten, snijden van houtvezel- of metalen platen voor eigen rekening.

Groothandel is de wederverkoop (verkoop zonder aanbrengen van veranderingen) van nieuwe en gebruikte goederen aan de detailhandel, aan industriële en andere bedrijfsmatige gebruikers, of aan andere groothandelaren, alsmede de handelsbemiddeling bij de aankoop van goederen voor of de verkoop van goederen aan dergelijke personen of bedrijven. De belangrijkste soort van groothandel is de groothandel in goederen, dat wil zeggen groothandelaren die goederen verkopen die zij in eigendom hebben zoals grossiers, dealers, exporteurs, importeurs en coöperatieve inkooporganisaties, verkooporganisaties en verkoopkantoren (detailhandelsbedrijven uitgezonderd) van industriële ondernemingen, die tot taak hebben de producten ervan op de markt te brengen.

Tussenhandel/handelsbemiddeling is het samenbrengen van koper en verkoper of het uitvoeren van transacties voor rekening van derden. Inbegrepen zijn makelaars op goederenbeurzen, commissionairs, en andere op commissiebasis werkzame tussenpersonen.

Detailhandel is de wederverkoop (verkoop zonder aanbrengen van veranderingen) van nieuwe en gebruikte goederen hoofdzakelijk aan het publiek voor persoonlijk of huishoudelijk ge- of verbruik, op de markt of door winkels, warenhuizen, postorderbedrijven, straathandelaren, consumentencoöperaties, veilinghuizen enzovoort. De meeste detailhandelaren zijn eigenaar van de goederen die zij verkopen, maar sommigen werken als tussenpersoon voor een opdrachtgever en verkopen in consignatie dan wel op commissiebasis.";Double;%;1;
383100;300006_1;58;H Vervoer en opslag;"Vervoer en opslag
Deze sectie omvat:
- het vervoer van personen of goederen, al dan niet volgens een dienstregeling, per spoor, via een pijpleiding, over de weg, over water of door de lucht;
- de ondersteunende activiteiten als terminal- en parkeerfaciliteiten, vrachtbehandeling, opslag enz.;
- de posterijen;
- de verhuur van transportmiddelen met bestuurder of bedienend personeel.

Deze sectie omvat niet:
- het onderhoud en de reparatie van auto's (45).";Double;%;1;
389100;300006_1;59;I Horeca;"Logies-, maaltijd- en drankverstrekking
Deze sectie omvat:
- het aan gasten verschaffen van logies en/of bereide maaltijden, snacks en dranken voor onmiddellijke consumptie. 

De verschillende activiteiten in sectie I overlappen elkaar in zekere mate, omdat bijvoorbeeld de verkoop van dranken een activiteit op zich is, maar ook deel uitmaakt van de activiteiten van een restaurant (waar bij de
maaltijden dranken worden verstrekt) en dan met de verkoop van maaltijden bij 56.1 (Restaurants) wordt ingedeeld. Evenzo vormt de exploitatie van een restaurant een aparte activiteit, maar kan zij ook deel uitmaken van een bedrijf dat logies verschaft.

Logiesverschaffende eenheden bieden reizigers, vakantiegangers en anderen accommodatie voor kortstondig verblijf (korter dan 3 maanden) aan. Er zijn vele verschillende eenheden. Sommige verschaffen alleen logies, terwijl andere naast logies ook maaltijden en recreatieve faciliteiten aanbieden. Het soort aanvullende dienstverlening kan van eenheid tot eenheid verschillen.

Restaurants verstrekken volledige, voor onmiddellijke consumptie geschikte maaltijden, ongeacht of het traditionele restaurants, zelfbedienings- of afhaalrestaurants, dan wel permanente of tijdelijke viskramen en
dergelijke met of zonder zitplaatsen zijn. Bepalend is het feit dat er voor onmiddellijke consumptie geschikte maaltijden worden aangeboden, niet het soort gelegenheid dat deze maaltijden verstrekt. 

Deze sectie omvat niet:
- de productie van maaltijden niet voor onmiddellijke consumptie geschikt of maaltijden of bereid voedsel dat niet als maaltijd wordt beschouwd (SBI 10: voedingsmiddelenindustrie);
- de verkoop van niet zelf vervaardigd voedsel dat niet als maaltijd wordt beschouwd of van niet voor onmiddellijke consumptie geschikte maaltijden (SBI 46 groothandel of SBI 47 detailhandel afhankelijk van de afnemerscategorie).";Double;%;1;
391600;300007_1;60;J Informatie en communicatie;"Informatie en communicatie
Deze sectie omvat:
- de productie en distributie van informatie, de voorziening van de infrastructuur om die informatie door te geven, alsmede activiteiten op het gebied van data- en communicatie-informatietechnologie en het bewerken van data en andere informatie.
De belangrijkste activiteiten die hier ingedeeld worden zijn het uitgeven (afdeling 58, incl. het uitgeven van software), productie van films en geluidsopnamen (afdeling 59) radio en TV (afdeling 60), telecommunicatie (afdeling 61), informatietechnologie (afdeling 62) en andere dienstverlening op het gebied van informatie (afdeling 63). Uitgeven omvat ook het verkrijgen van de copyrights voor de content (informatieproducten) en het toegankelijk maken hiervan voor een breed publiek. Alle mogelijke vormen van uitgeven vallen onder deze sectie (in drukvorm, elektronisch of audio, op het internet, als multimediaproduct enzovoorts).";Double;%;1;
396300;300007_1;61;K Financiële dienstverlening;"Financiële instellingen
Deze sectie omvat:
- financiële instellingen;
- verzekeringswezen en pensioenfondsen (geen verplichte sociale verzekeringen);
- financiële beurzen, effectenmakelaars, assurantietussenpersonen, administratiekantoren voor aandelen, waarborgfondsen en dergelijke.";Double;%;1;
402000;300007_1;62;L Verhuur en handel van onroerend goed;"Verhuur van en handel in onroerend goed
Deze sectie omvat: 
- verhuur van onroerend goed;
- bemiddeling in en beheer van onroerend goed.";Double;%;1;
300010_2;300010_1;64;Totaal;;Double;%;1;
403300;300010_1;65;M Specialistische zakelijke diensten;"Advisering, onderzoek en overige specialistische zakelijke dienstverlening
Deze sectie omvat: 
- gespecialiseerde professionele wetenschappelijke en technische activiteiten. Deze activiteiten vereisen een hoge opleiding en stellen specifieke kennis ter beschikking.";Double;%;1;
410200_2;410200_1;67;Totaal;;Double;%;1;
410300;410200_1;68;77 Verhuur van roerende goederen;Verhuur en lease van auto's, consumentenartikelen, machines en overige roerende goederen;Double;%;1;
412700;410200_1;69;78 Uitzendbureaus en arbeidsbemiddeling;Arbeidsbemiddeling, uitzendbureaus en personeelsbeheer;Double;%;1;
413700;410200_1;70;79 Reisbureaus, reisorganisatie en -info;Reisbemiddeling, reisorganisatie, toeristische informatie en reserveringsbureaus;Double;%;1;
900011;410200_1;71;80-82 Beveiliging en overige diensten;"Beveiliging en overige zakelijke dienstverlening.
Deze categorie is een samentelling van categorieën:
80 Beveiligings- en opsporingsdiensten
81 Facility management, reiniging en landschapsverzorging
82 Overige zakelijke dienstverlening";Double;%;1;
300013_2;300013_1;73;Totaal;;Double;%;1;
300012_2;300012_1;75;Totaal;;Double;%;1;
800007_2;800007_1;77;Totaal;;Double;%;1;
417400;800007_1;78;O Openbaar bestuur en overheidsdiensten;"Openbaar bestuur, overheidsdiensten en verplichte sociale verzekeringen
Deze sectie omvat:
- eenheden die deel uitmaken van de lagere of centrale overheid en die tot een goede werking van het bestuur van de samenleving bijdragen en ook het beheer van de verplichte sociale verzekeringsregelingen;
- defensie, justitie, politie, buitenlandse zaken enzovoort;
- het algemeen openbaar bestuur (bijvoorbeeld uitvoerende, wetgevende, financiële taken enzovoort op alle bestuursniveaus) en het toezicht op het economische en sociale leven;
- provincies en gemeentes;
- het beheer van de verplichte socialeverzekeringsregelingen.

Activiteiten die elders in de SBI zijn geclassificeerd vallen niet onder afdeling 75, ook al worden zij door overheidsinstanties uitgevoerd. Enkele voorbeelden:
- het beheer van het onderwijsstelsel (d.w.z. regelgeving, inspecties, onderwijsprogramma's) valt onder deze sectie O, maar het onderwijs zelf valt onder afdeling 85 ""Onderwijs"";
- militaire en penitentiaire ziekenhuizen worden ingedeeld bij afdeling 86 ""Gezondheidszorg"";
- inzameling en verwerking van afvalwater en afval valt onder afdeling 38 ""Milieudienstverlening"".";Double;%;1;
419000;800007_1;79;P Onderwijs;"Deze sectie omvat:
- alle vormen van openbaar en particulier onderwijs, op elk niveau en voor
elk beroep, zowel mondeling en schriftelijk als via radio en televisie.
Zowel het onderwijs door de instellingen op de verschillende niveaus van
het normale schoolstelsel als volwasseneneducatie,
alfabetiseringsprogramma's enzovoort.
Volwasseneneducatie waarvan de inhoud vergelijkbaar is met die van het
onderwijs op een specifiek niveau wordt bij dat niveau ingedeeld. Op ieder
niveau van het initiële onderwijs omvatten de klassen het speciale
onderwijs aan lichamelijk of geestelijk gehandicapte leerlingen.
Deze sectie omvat ook:
- het overige onderwijs, zoals autorijscholen.
Deze sectie omvat niet:
- hoofdzakelijk op ontspanning gericht onderwijs, zoals bridge- en
golflessen, dansonderwijs (93 of 94).";Double;%;1;
422400;300012_1;80;Q Gezondheids- en welzijnszorg;"Gezondheids- en welzijnszorg
Deze sectie omvat:
- behandeling in algemene en gespecialiseerde ziekenhuizen;
- geestelijke gezondheidszorg en verslavingszorg, eventueel in combinatie met overnachting;
- behandeling door medische en paramedische praktijken;
- ondersteunende activiteiten voor de gezondheidszorg, door bijvoorbeeld laboratoria en ambulancediensten;
- verpleging, verzorging of begeleiding met huisvesting door bijvoorbeeld verpleeg- en verzorgingshuizen of via begeleid wonen;
- welzijnszorg, zoals thuiszorg, lokaal welzijnswerk en hulp aan gehandicapten en ouderen;
- kinderopvang.";Double;%;1;
300014;300013_1;81;R-U Cultuur, recreatie, overige diensten;"Cultuur, recreatie, overige diensten
Deze categorie is een samentelling van categorieën: 
R Cultuur, sport en recreatie
S Overige dienstverlening
T Huishoudens als werkgever; niet- gedifferentieerde productie van goederen en diensten door huishoudens voor eigen gebruik
U Extraterritoriale organisaties en lichamen";Double;%;1;
M001643;M006534;83;Saldo;Het saldo van productgebonden belastingen en subsidies op geproduceerde en ingevoerde goederen en diensten.;Double;%;1;
A044443_1;M006534;84;Productgebonden belastingen;Belastingen die moeten worden betaald per eenheid van een bepaald goed dat of bepaalde dienst die is geproduceerd of ingevoerd. De belasting kan een bepaald bedrag per kwantitatieve eenheid van een goed of een dienst zijn, of worden berekend als een bepaald percentage van de prijs per eenheid of van de waarde van de geproduceerde of verhandelde goederen en diensten.;Double;%;1;
A044450_1;M006534;85;Productgebonden subsidies;Subsidies die zijn uitgekeerd per geproduceerde of ingevoerde eenheid van een goed of een dienst. De subsidies zijn gerelateerd aan de waarde of aan de hoeveelheid van het product.;Double;%;1;
M002782_2;M003349;86;Bruto binnenlands product;"Het bruto binnenlands product (bbp) is een maat voor de omvang van de economie. De verandering van het volume van het bbp in een bepaalde tijdsperiode is een maat voor de groei (of krimp) van de economie. Het bruto binnenlands product tegen marktprijzen is het eindresultaat van de productieve activiteiten van ingezeten productie-eenheden. Het kan op drie manieren worden gedefinieerd:
- vanuit het oogpunt van de productie: het bbp is de som van de bruto toegevoegde waarde van alle institutionele sectoren of bedrijfstakken en het saldo van productgebonden belastingen en subsidies (die niet aan sectoren en bedrijfstakken worden toegerekend). Het is eveneens de sluitpost van de productierekening van de totale economie;
- vanuit het oogpunt van de bestedingen: het bbp is de som van de finale bestedingen aan goederen en diensten door ingezeten institutionele eenheden (consumptie en bruto-investeringen) en het saldo van uitvoer en invoer van goederen en diensten;
- vanuit het oogpunt van het inkomen: het bbp is de som van de bestedingen in de inkomensvormingsrekening van de totale economie (beloning van werknemers, belastingen op productie en invoer exclusief subsidies, bruto-exploitatieoverschot en gemengd inkomen van de totale economie).
Door het bbp te verminderen met het verbruik van vaste activa, wordt het netto binnenlands product (nbp) tegen marktprijzen verkregen.";Double;%;1;
M003129_1;M003349;87;Bbp, gecorrigeerd voor werkdageneffecten;De groei van het bruto binnenlands product na verwijdering van de werkdageneffecten. Het aantal werkdagen in twee overeenkomstige kwartalen in opeenvolgende jaren kan verschillen door een schrikkeldag, doordat een ongelijk aantal feestdagen in een weekend valt (bijvoorbeeld 1 januari) of doordat een feestdag van kwartaal is verschoven (bijvoorbeeld paasmaandag). Het effect van een extra werkdag op de groei bedraagt 0,2 à 0,3 procentpunt.;Double;%;1;
A044438;M006486;89;Beloning van werknemers;De totale vergoeding, in geld of in natura, die door een werkgever aan een werknemer verschuldigd is voor de arbeid die deze tijdens een verslagperiode heeft verricht. De beloning van werknemers is gelijk aan het totaal van lonen en sociale premies ten laste van werkgevers.;Double;%;1;
A048158;M006486;90;Netto-exploitatieoverschot;"Netto-exploitatieoverschot / gemengd inkomen.
Het saldo dat resteert nadat de toegevoegde waarde tegen basisprijzen is verminderd met de beloning van werknemers en het saldo van belastingen en subsidies op productie en invoer. Bij zelfstandigen (die deel uitmaken van de sector huishoudens) wordt dit saldo gemengd inkomen genoemd omdat het ook de beloning voor de door hen geleverde arbeid bevat. 

In de nationale rekeningen betekent 'bruto' vóór aftrek van het verbruik van vaste activa (afschrijvingen) en 'netto' na aftrek van het verbruik van vaste activa. Uit het bruto-exploitatieoverschot moeten de afschrijvingen worden bekostigd.";Double;%;1;
M007042;M001048;92;Saldo;Het verschil tussen de (al dan niet productgebonden) betaalde belastingen op productie en invoer en de ontvangen subsidies. Het saldo is nodig om het bbp uit de inkomensbenadering gelijk te maken aan dat volgens de productiebenadering en de bestedingsbenadering, het bbp tegen marktprijzen.;Double;%;1;
A044442_1;M001048;93;Belastingen op productie en invoer;Verplichte betalingen om niet, in geld of in natura, die door de overheid of door de instellingen van de Europese Unie worden opgelegd in verband met de productie of de invoer van goederen en diensten, het in dienst hebben van arbeidskrachten en de eigendom of het gebruik van grond, gebouwen of andere activa die in het productieproces worden aangewend. Dergelijke belastingen zijn verschuldigd ongeacht gemaakte winst. Zowel productgebonden als niet-productgebonden belastingen behoren hiertoe.;Double;%;1;
A044449_1;M001048;94;Subsidies;Subsidies zijn betalingen om niet die door de Nederlandse overheid of de instellingen van de Europese Unie worden gedaan aan ingezeten producenten. Zowel productgebonden als niet-productgebonden subsidies behoren hiertoe.;Double;%;1;
M006454;M006486;95;Netto binnenlands product;"Het bruto binnenlands product (bbp) is een maat voor de omvang van de economie. De verandering van het volume van het bbp in een bepaalde tijdsperiode is een maat voor de groei (of krimp) van de economie. Het bruto binnenlands product tegen marktprijzen is het eindresultaat van de productieve activiteiten van ingezeten productie-eenheden. Het kan op drie manieren worden gedefinieerd:
- vanuit het oogpunt van de productie: het bbp is de som van de bruto toegevoegde waarde van alle institutionele sectoren of bedrijfstakken en het saldo van productgebonden belastingen en subsidies (die niet aan sectoren en bedrijfstakken worden toegerekend). Het is eveneens de sluitpost van de productierekening van de totale economie;
- vanuit het oogpunt van de bestedingen: het bbp is de som van de finale bestedingen aan goederen en diensten door ingezeten institutionele eenheden (consumptie en bruto-investeringen) en het saldo van uitvoer en invoer van goederen en diensten;
- vanuit het oogpunt van het inkomen: het bbp is de som van de bestedingen in de inkomensvormingsrekening van de totale economie (beloning van werknemers, belastingen op productie en invoer exclusief subsidies, bruto-exploitatieoverschot en gemengd inkomen van de totale economie).
Door het bbp te verminderen met het verbruik van vaste activa, wordt het netto binnenlands product (nbp) tegen marktprijzen verkregen.";Double;%;1;
A044491;M006486;96;Verbruik van vaste activa;"De waardevermindering van vaste activa (productiemiddelen) in eigendom als gevolg van normale slijtage en economische veroudering. Ook wel afschrijvingen genoemd. 

Bij het berekenen van het verbruik van vaste activa wordt gebruik gemaakt van de PIM methode (perpetual inventory method). Deze methode gaat uit van de waarde van de aan het begin van een jaar aanwezige kapitaalgoederenvoorraad, die op vervangingswaarde wordt gebracht door te corrigeren voor de prijsveranderingen van vergelijkbare kapitaalgoederen in het verslagjaar. Hieraan worden de investeringen in vaste activa van dat jaar toegevoegd en vervolgens wordt de waarde van de buiten gebruik gestelde activa erop in mindering gebracht. Aldus wordt de waarde van de kapitaalgoederenvoorraad aan het eind van het jaar verkregen. Vervolgens wordt via een afschrijvingspercentage de afschrijvingen bepaald. De als hierboven beschreven afschrijvingen behoeven niet overeen te stemmen met de bedrijfseconomische afschrijvingen die zijn vastgesteld op basis van historische kostprijs of fiscale levensduur.";Double;%;1;
M002782_3;M006486;97;Bruto binnenlands product;"Het bruto binnenlands product (bbp) is een maat voor de omvang van de economie. De verandering van het volume van het bbp in een bepaalde tijdsperiode is een maat voor de groei (of krimp) van de economie. Het bruto binnenlands product tegen marktprijzen is het eindresultaat van de productieve activiteiten van ingezeten productie-eenheden. Het kan op drie manieren worden gedefinieerd:
- vanuit het oogpunt van de productie: het bbp is de som van de bruto toegevoegde waarde van alle institutionele sectoren of bedrijfstakken en het saldo van productgebonden belastingen en subsidies (die niet aan sectoren en bedrijfstakken worden toegerekend). Het is eveneens de sluitpost van de productierekening van de totale economie;
- vanuit het oogpunt van de bestedingen: het bbp is de som van de finale bestedingen aan goederen en diensten door ingezeten institutionele eenheden (consumptie en bruto-investeringen) en het saldo van uitvoer en invoer van goederen en diensten;
- vanuit het oogpunt van het inkomen: het bbp is de som van de bestedingen in de inkomensvormingsrekening van de totale economie (beloning van werknemers, belastingen op productie en invoer exclusief subsidies, bruto-exploitatieoverschot en gemengd inkomen van de totale economie).
Door het bbp te verminderen met het verbruik van vaste activa, wordt het netto binnenlands product (nbp) tegen marktprijzen verkregen.";Double;%;1;
M003129_2;M006486;98;Bbp, gecorrigeerd voor werkdageneffecten;De groei van het bruto binnenlands product na verwijdering van de werkdageneffecten. Het aantal werkdagen in twee overeenkomstige kwartalen in opeenvolgende jaren kan verschillen door een schrikkeldag, doordat een ongelijk aantal feestdagen in een weekend valt (bijvoorbeeld 1 januari) of doordat een feestdag van kwartaal is verschoven (bijvoorbeeld paasmaandag). Het effect van een extra werkdag op de groei bedraagt 0,2 à 0,3 procentpunt.;Double;%;1;
M002782_4;M006446;101;Bruto binnenlands product;"Het bruto binnenlands product (bbp) is een maat voor de omvang van de economie. De verandering van het volume van het bbp in een bepaalde tijdsperiode is een maat voor de groei (of krimp) van de economie. Het bruto binnenlands product tegen marktprijzen is het eindresultaat van de productieve activiteiten van ingezeten productie-eenheden. Het kan op drie manieren worden gedefinieerd:
- vanuit het oogpunt van de productie: het bbp is de som van de bruto toegevoegde waarde van alle institutionele sectoren of bedrijfstakken en het saldo van productgebonden belastingen en subsidies (die niet aan sectoren en bedrijfstakken worden toegerekend). Het is eveneens de sluitpost van de productierekening van de totale economie;
- vanuit het oogpunt van de bestedingen: het bbp is de som van de finale bestedingen aan goederen en diensten door ingezeten institutionele eenheden (consumptie en bruto-investeringen) en het saldo van uitvoer en invoer van goederen en diensten;
- vanuit het oogpunt van het inkomen: het bbp is de som van de bestedingen in de inkomensvormingsrekening van de totale economie (beloning van werknemers, belastingen op productie en invoer exclusief subsidies, bruto-exploitatieoverschot en gemengd inkomen van de totale economie).
Door het bbp te verminderen met het verbruik van vaste activa, wordt het netto binnenlands product (nbp) tegen marktprijzen verkregen.
";Double;%;1;
M006567_2;M006567_1;103;Saldo;;Double;%;1;
M006481;M006567_1;104;Ontvangen primaire inkomens buitenland;De van het buitenland ontvangen beloning van werknemers, inkomen uit vermogen, en subsidies (EU). ;Double;%;1;
M006291;M006567_1;105;Betaalde primaire inkomens buitenland;De aan het buitenland betaalde beloning van werknemers, inkomen uit vermogen en belastingen op productie en invoer.;Double;%;1;
M006321;M006446;106;Bruto nationaal inkomen;"Het totaal van de door ingezeten institutionele eenheden ontvangen primaire inkomens: beloning van werknemers, netto-exploitatieoverschot / netto gemengd inkomen, het saldo van ontvangen en betaald inkomen uit vermogen en de belastingen op productie en invoer minus subsidies. Inkomens uit vermogen die van de ene binnenlandse sector naar de andere gaan, vallen in dit inkomensbegrip tegen elkaar weg. Het bruto nationaal inkomen (tegen marktprijzen) is gelijk aan het bbp minus het primaire inkomen dat ingezeten eenheden aan niet-ingezeten eenheden betalen plus het primaire inkomen dat ingezeten eenheden uit het buitenland ontvangen. De afdrachten van lidstaten aan de Europese Unie is voor een groot deel gebaseerd op het bruto nationaal inkomen.

Het begrip nationaal inkomen is geen productie-, maar een inkomensbegrip; het is daarom relevanter indien het netto wordt uitgedrukt, dat wil zeggen na aftrek van afschrijvingen (het verbruik van vaste activa). 
";Double;%;1;
M006557_2;M006557_1;108;Saldo;;Double;%;1;
M006477;M006557_1;109;Ontvangen inkomensoverdracht buitenland;De uit het buitenland ontvangen belasting op inkomen en vermogen, sociale premies, sociale uitkeringen in geld en overige inkomensoverdrachten.;Double;%;1;
M006288;M006557_1;110;Betaalde inkomensoverdrachten buitenland;De aan het buitenland betaalde belasting op inkomen en vermogen, de sociale premies, de sociale uitkeringen in geld en de overige inkomensoverdrachten.;Double;%;1;
M006315;M006446;111;Bruto beschikbaar nationaal inkomen;De som van de bruto beschikbare inkomens van de institutionele sectoren. Het bruto nationaal beschikbaar inkomen is gelijk aan het bruto nationaal inkomen (tegen marktprijzen) minus de inkomensoverdrachten (belastingen op inkomen, vermogen enz., sociale premies, sociale uitkeringen en overige inkomensoverdrachten) die aan niet-ingezeten eenheden worden betaald, plus de inkomensoverdrachten die ingezeten eenheden uit het buitenland ontvangen. Meestal wordt het netto-begrip gebruikt, dat wil zeggen: na aftrek van afschrijvingen (het verbruik van vaste activa). ;Double;%;1;
A046348_3;M006446;112;Consumptieve bestedingen (-);Uitgaven aan goederen en diensten die worden gebruikt voor de rechtstreekse bevrediging van individuele of collectieve behoeften. De consumptieve bestedingen kunnen zowel op het eigen grondgebied als in het buitenland worden gedaan, maar het gaat altijd om uitgaven door ingezeten institutionele eenheden, dat wil zeggen in Nederland gevestigde huishoudens, izw's t.b.v. huishoudens en overheidsinstanties. Consumptieve bestedingen worden gedaan door huishoudens, izw's t.b.v. huishoudens en de overheid. Ondernemingen consumeren niet: kosten aan goederen en diensten die ondernemingen maken ten behoeve van hun productie vallen hier niet onder, maar onder intermediair verbruik of investeringen. De overheid is een speciaal geval. Ook de overheid kent intermediair verbruik, naar analogie van ondernemingen. Maar de productie die de overheid levert en waar niet rechtstreeks voor wordt betaald, niet-markt-output (veiligheid bijvoorbeeld), valt onder de (overheids-)consumptie. Het heet dat de overheid 'haar eigen productie consumeert'. Binnen de nationale rekeningen moet alles wat wordt geproduceerd namelijk ook worden afgenomen. Dat de consumptie van de overheidsproductie bij de overheid zelf is neergelegd, is een conventie. Daarnaast bevat de overheidsconsumptie ook door de overheid verstrekte sociale uitkeringen in natura zoals basiszorg (gefinancierd uit AWBZ en de Zorgverzekeringswet) en huurtoeslag.;Double;%;1;
M006343_1;M006446;113;Correctie pensioenvoorziening;Per saldo uit het buitenland ontvangen correctie pensioenvoorziening. De correctie pensioenvoorziening is bedoeld om de verandering in de pensioenvoorzieningen in de besparingen van de huishoudens tot uitdrukking te kunnen brengen. Het vermogen dat pensioenfondsen en verzekeraars voor huishoudens beheren ten behoeve van de oudedagsvoorziening wordt binnen de nationale rekeningen namelijk gezien als onderdeel van het vermogen van huishoudens. Veranderingen in dit vermogen moeten dan ook worden doorgevoerd in het vermogen van huishoudens. De correctie pensioenvoorziening is gelijk aan de pensioenpremies minus de pensioenuitkeringen. Bij de nationale besparingen spelen alleen de grensoverschrijdende correcties een rol. De correctie wordt ook gemaakt voor de voorzieningen van niet-ingezeten huishoudens bij Nederlandse verzekeringsinstellingen. Uiteraard zijn tegenovergestelde correcties noodzakelijk bij de betreffende verzekeringsinstellingen.;Double;%;1;
M006322;M006446;114;Bruto nationale besparingen;Het gedeelte van het nationaal beschikbaar inkomen dat niet voor consumptieve bestedingen is gebruikt. De nationale besparingen zijn de som van de besparingen van alle institutionele sectoren. Meestal wordt voor de nationale besparingen het netto-begrip gebruikt, dat wil zeggen: na aftrek van afschrijvingen (het verbruik van vaste activa).;Double;%;1;
A044489;M006446;115;Bruto investeringen (-);De som van de investeringen in vaste activa (bruto) en de veranderingen in voorraden inclusief het saldo van aan- en verkopen van kostbaarheden.;Double;%;1;
M006445;M006446;116;Nationaal inkomensoverschot;Het nationaal inkomensoverschot is een saldo dat aangeeft hoeveel er van het beschikbaar nationaal inkomen resteert als de uitgaven voor consumptie en investeringen zijn gepleegd. Dit is gelijk aan het saldo van de lopende transacties van Nederland met het buitenland.;Double;%;1;
M002592;M006561;118;Uitvoersaldo goederen;Het uitvoeroverschot van goederen is verschil tussen de waarde van de uitvoer van goederen en de waarde van de invoer van goederen.;Double;%;1;
M002584;M006561;119;Uitvoersaldo diensten;Het uitvoeroverschot van diensten is verschil tussen de waarde van de uitvoer van diensten en de waarde van de invoer van diensten.;Double;%;1;
M006567_3;M006561;120;Saldo primaire inkomens buitenland;"Het verschil tussen de uit het buitenland ontvangen primaire inkomens en de aan het buitenland betaalde primaire inkomens.

Wanneer een in Nederland ingezeten bedrijf in het buitenland actief wordt, wordt de betreffende bedrijfseenheid na een jaar niet langer gezien als ingezetene in Nederland, maar als ingezetene in het buitenland. Omgekeerd geldt een bedrijfseenheid met een buitenlandse moederonderneming als ingezetene wanneer het hier langer dan een jaar actief is. Ingezeten personen die zich in het buitenland vestigen, worden eveneens na een jaar niet langer gezien als ingezetene in Nederland, maar als ingezetene in het buitenland. Omgekeerd wordt een niet-ingezetene een ingezetene in Nederland wanneer hij of zij hier minimaal een jaar is gevestigd. Een uitzondering op deze regel vormen studenten. Deze worden altijd als ingezetene gezien van het land waar zij gevestigd waren voordat zij gingen studeren.";Double;%;1;
M006557_3;M006561;121;Saldo inkomensoverdrachten buitenland;"Het verschil tussen de uit het buitenland ontvangen inkomensoverdrachten en de aan het buitenland betaalde inkomensoverdrachten.

Wanneer een in Nederland ingezeten bedrijf in het buitenland actief wordt, wordt de betreffende bedrijfseenheid na een jaar niet langer gezien als ingezetene in Nederland, maar als ingezetene in het buitenland. Omgekeerd geldt een bedrijfseenheid met een buitenlandse moederonderneming als ingezetene wanneer het hier langer dan een jaar actief is. Ingezeten personen die zich in het buitenland vestigen, worden eveneens na een jaar niet langer gezien als ingezetene in Nederland, maar als ingezetene in het buitenland. Omgekeerd wordt een niet-ingezetene een ingezetene in Nederland wanneer hij of zij hier minimaal een jaar is gevestigd. Een uitzondering op deze regel vormen studenten. Deze worden altijd als ingezetene gezien van het land waar zij gevestigd waren voordat zij gingen studeren.
";Double;%;1;
M006343_2;M006561;122;Correctie pensioenvoorziening;Per saldo uit het buitenland ontvangen correctie pensioenvoorziening. De correctie pensioenvoorziening is bedoeld om de verandering in de pensioenvoorzieningen in de besparingen van de huishoudens tot uitdrukking te kunnen brengen. Het vermogen dat pensioenfondsen en verzekeraars voor huishoudens beheren ten behoeve van de oudedagsvoorziening wordt binnen de nationale rekeningen namelijk gezien als onderdeel van het vermogen van huishoudens. Veranderingen in dit vermogen moeten dan ook worden doorgevoerd in het vermogen van huishoudens. De correctie pensioenvoorziening is gelijk aan de pensioenpremies minus de pensioenuitkeringen. Bij de nationale besparingen spelen alleen de grensoverschrijdende correcties een rol. De correctie wordt ook gemaakt voor de voorzieningen van niet-ingezeten huishoudens bij Nederlandse verzekeringsinstellingen. Uiteraard zijn tegenovergestelde correcties noodzakelijk bij de betreffende verzekeringsinstellingen.;Double;%;1;
M006562;M006561;123;Saldo lopende transacties buitenland;"Het overschot (indien negatief) of het tekort (indien positief) van de totale economie op zijn lopende transacties (handel in goederen en diensten, primair inkomen, inkomensoverdrachten) met het buitenland. Het saldo van de lopende transacties met het buitenland vormt de sluitpost van de rekening voor inkomenstransacties met het buitenland en is opgebouwd uit drie onderdelen:
- het uitvoeroverschot, dat is het bedrag waarmee de uitvoer de invoer overtreft;
- het saldo uit het buitenland ontvangen primaire inkomens. De primaire inkomens omvatten belastingen op productie en invoer, subsidies, beloning van werknemers en inkomen uit vermogen, zoals rente en dividend;
- het saldo uit het buitenland ontvangen inkomensoverdrachten. De inkomensoverdrachten omvatten de dividendbelasting, de uitkeringen sociale verzekering en de overige inkomensoverdrachten.
Het is saldo van de lopende transacties met het buitenland tevens gelijk aan de netto nationale besparingen minus de netto investeringen in vaste activa (inclusief de veranderingen in voorraden).
";Double;%;1;
M006558_2;M006558_1;125;Saldo;;Double;%;1;
M006479;M006558_1;126;Ontvangen kapitaaloverdrachten;Ontvangen kapitaaloverdrachten uit het buitenland.;Double;%;1;
M006289;M006558_1;127;Betaalde kapitaaloverdrachten;Betreft betaalde kapitaaloverdrachten aan het buitenland.;Double;%;1;
A044496;M006485;128;Saldo aan- en verkopen van niet-geprod..;"Het saldo aan -en verkopen van niet-geproduceerde niet-financiële activa bestaat voornamelijk uit transacties in grond. Het belangrijkste deel wordt gevormd door de verkopen van bouwrijp gemaakte grond door gemeentelijke grondbedrijven aan investeerders in gebouwen en woningen.
De waardering van de aan- en verkopen van grond is exclusief btw en overdrachtskosten; deze vormen een onderdeel van de investeringen in vaste activa.
Voor de sector overheid worden de immateriële activa meegerekend, zoals de verkoop van UMTS-frequenties.
";Double;%;0;
M006447;M006485;129;Nationaal vorderingensaldo;Het nationaal vorderingensaldo is het saldo van middelen en bestedingen op de lopende rekening en de kapitaalrekening van de gezamenlijke binnenlandse sectoren. In de financiële rekening van Nederland geeft het saldo aan voor welk bedrag nieuwe leningen zijn aangegaan met het buitenland en/of financiële activa zijn verkocht (bij een tekort) of voor welk bedrag schulden zijn afgelost aan het buitenland en/of financiële activa zijn gekocht (bij een overschot). Het vorderingensaldo is dan ook in theorie gelijk aan de mutatie van de saldo van vorderingen en schulden ten opzichte van het buitenland. In praktijk bestaat er echter een statistisch verschil tussen die twee.;Double;%;1;
A046348_5;M006283;133;Totaal;;Double;%;1;
A047811_3;A047811_2;135;Totaal;;Double;%;1;
A047813_2;A047813_1;137;Totaal;;Double;%;1;
A047875_2;A047875_1;139;Totaal;;Double;%;1;
A047814;A047875_1;140;Voedingsmiddelen;"Aardappelen, groenten en fruit; vlees en vleeswaren; vis; zuivelproducten; brood, beschuit en broodproducten; overige voedingsmiddelen.";Double;%;1;
A048212;A047875_1;141;Dranken en tabak;Dranken en tabak;Double;%;1;
A047825_2;A047825_1;143;Totaal;;Double;%;1;
A047826;A047825_1;144;Kleding en textiel;"Heren, dames- en kinderkleding; reiniging, reparatie en verhuur van kleding.";Double;%;1;
A047827;A047825_1;145;Schoenen en lederwaren;Schoeisel,  reparatie van schoenen, leder en lederwaren.;Double;%;1;
A047828;A047825_1;146;Woninginrichting en woningdecoratie;Woninginrichting en woningdecoratie;Double;%;1;
A047829;A047825_1;147;Elektrische apparatuur;Elektrische apparatuur.;Double;%;1;
A047830;A047825_1;148;Vervoermiddelen en onderdelen;Motorvoertuigen, aanhangwagens en opleggers en andere vervoermiddelen.;Double;%;1;
A047831;A047825_1;149;Overige duurzame goederen;Niet eerder genoemd duurzame consumptiegoederen.;Double;%;1;
A048214_2;A048214_1;151;Totaal overige goederen;"Overige goederen: motorbrandstoffen; energie; overige goederen";Double;%;1;
A047833;A048214_1;152;Energie en water;Energie en water.;Double;%;1;
A047876;A048214_1;153;Brandstoffen en overige goederen;Motorbrandstoffen en overige goederen.;Double;%;1;
A047837_2;A047837_1;155;Totaal;;Double;%;1;
A047838;A047837_1;156;Huisvesting;De overkoepelende term voor verschillende typen onderkomens waarin men tijdelijk of permanent onderdak heeft om in te wonen en te slapen. Alle typen woningen zijn een vorm van huisvesting.;Double;%;1;
A047841;A047837_1;157;Horecadiensten;Maaltijdverstrekking en catering, drankverstrekking, logiesverstrekking.;Double;%;1;
A047844;A047837_1;158;Recreatie en cultuurdiensten;Consumptie in diensten met betrekking tot recreatie en cultuur.;Double;%;1;
A047847;A047837_1;159;Vervoer en communicatie diensten;Consumptie in diensten m.b.t. vervoer en communicatie.;Double;%;1;
A047850;A047837_1;160;Medische diensten en welzijnszorg;Consumptie in medische diensten en welzijnszorg.;Double;%;1;
A047853;A047837_1;161;Financiële en zakelijke diensten;Consumptie in financiële en zakelijke diensten.;Double;%;1;
A047854;A047837_1;162;Overige diensten;"Consumptie van niet elders ingedeelde diensten door huishoudens en
instellingen zonder winstoogmerk huishoudens.";Double;%;1;
A047812;A047811_2;163;Binnenlands consumptie huishoudens;Alle consumptie die in Nederland plaatsvindt. Consumptie door Nederlandse huishoudens in het buitenland valt hier dus niet onder, consumptie door buitenlandse huishoudens in Nederland wel.;Double;%;1;
A047856_1;A047811_2;164;Consumptie ingezetenen in het buitenland;"De consumptie door Nederlandse ingezetenen in het buitenland, zoals uitgaven tijdens vakantie.
";Double;%;1;
A047855_1;A047811_2;165;Consumptie niet-ingezetenen in Nederland;De consumptie door niet-ingezetenen in Nederland, zoals uitgaven tijdens vakantie.;Double;%;1;
A049169_3;A049169_2;167;Totaal;;Double;%;1;
A047857;A049169_2;168;Individuele consumptie overheid;"De verwerving van consumptiegoederen en -diensten die door de overheid worden gefinancierd en vervolgens als sociale overdrachten in natura aan de huishoudens worden geleverd. Hieronder valt het merendeel van de uitgaven van de overheid op het gebied van gezondheid, onderwijs en
sociale bescherming.";Double;%;1;
A047874;A049169_2;169;Collectieve consumptie overheid;"Collectieve consumptieve bestedingen zijn uitgaven van ingezeten institutionele eenheden voor goederen en diensten die worden gebruikt voor de rechtstreekse bevrediging van de collectieve behoeften van leden van de samenleving.
Collectieve consumptie vindt uitsluitend plaats bij de overheid en betreft met name uitgaven voor diensten op het gebied van:
- openbaar bestuur, beveiliging en defensie;
- ordehandhaving, wet- en regelgeving;
- milieubescherming;
- speur- en ontwikkelingswerk;
- infrastructuur en economische ontwikkeling.
De werkelijke collectieve consumptie wordt berekend door de individuele consumptie van de totale consumptieve bestedingen door de overheid af te trekken.";Double;%;1;
A046348_6;M006635;171;Totaal;;Double;%;1;
A047810;M006635;172;Werkelijke individuele consumptie;"Consumptieve bestedingen hebben betrekking op de uitgaven voor consumptiegoederen en -diensten. De werkelijke individuele consumptie daarentegen betreft de verwerving van consumptiegoederen en -diensten. Het verschil tussen deze begrippen is gelegen in de behandeling van bepaalde goederen en diensten die door de overheid of izw's t.b.v. huishoudens worden gefinancierd, en vervolgens als sociale overdrachten in natura aan de huishoudens worden geleverd. Hieronder valt het merendeel van de uitgaven van de overheid op het gebied van gezondheid, onderwijs en sociale bescherming. Per conventie wordt de consumptie door izw's t.b.v. huishoudens geheel tot de individuele consumptie gerekend.

De werkelijke individuele consumptie door huishoudens wordt als volgt berekend:
	consumptieve bestedingen door huishoudens
plus:	consumptieve bestedingen door izw's t.b.v. huishoudens
plus:	individuele consumptie door de overheid
=	werkelijke individuele consumptie


";Double;%;1;
M006651;M006635;173;Werkelijke collectieve consumptie;"Uitgaven voor goederen en diensten die worden gebruikt voor de rechtstreekse bevrediging van collectieve behoeften of wensten van leden van de gemeenschap. Collectieve consumptieve bestedingen vinden plaats bij de overheid en betreft met name uitgaven voor diensten op het gebied van:
- openbaar bestuur, beveiliging en defensie
- ordehandhaving, wet- en regelgeving
- milieubescherming
- speur- en ontwikkelingswerk
- infrastructuur en economische ontwikkeling.

De werkelijke collectieve consumptie wordt berekend door de individuele consumptie van de totale consumptieve bestedingen door de overheid af te trekken.";Double;%;1;
M006130_2;M006130_1;176;Totaal;;Double;%;1;
D006106_2;D006106_1;178;Totaal;Uitgaven voor geproduceerde of ingevoerde materiële of immateriële activa die langer dan een jaar in het productieproces worden gebruikt.;Double;%;1;
A047162;D006106_1;179;Woningen;Gebouwen die geheel of hoofdzakelijk zijn bestemd voor bewoning, met inbegrip van bijbehorende bouwwerken zoals garages en van alle goederen die gewoonlijk nagelvast in woningen zijn geïnstalleerd. Woonboten, aken, woonwagens en caravans die door huishoudens als hoofdverblijf worden gebruikt, behoren er ook toe, evenals openbare monumenten die in de eerste plaats als woningen worden aangemerkt. Bij de waardering zijn de kosten van het bouwrijp maken van de bouwterreinen inbegrepen. Voorbeelden zijn gebouwen met één of twee wooneenheden en andere gebouwen die zijn bestemd voor permanente bewoning. Woningen in aanbouw zijn inbegrepen voor zover ze al in het bezit zijn van de uiteindelijke gebruiker, hetzij omdat in eigen beheer wordt gebouwd, hetzij omdat er een koopcontract bestaat. Woningen voor militair personeel zijn inbegrepen omdat deze, evenals woningen die door civiele eenheden worden aangeschaft, worden gebruikt voor de productie van woondiensten. De waarde van de woningen omvat niet de waarde van de onderliggende grond.;Double;%;1;
A049176_2;A049176_1;181;Totaal;Bruto investeringen in bedrijfsgebouwen, grond-, water- en wegenbouwwerken. Het gaan hier om andere bouwwerken dan woningen en bedrijfsgebouwen, met inbegrip van de kosten van de  aanleg van wegen en riolering. Inclusief historische monumenten die niet als woning of bedrijfsgebouw worden aangemerkt. Voorbeelden: Autowegen, straten, spoorwegen, start- en landingsbanen op vliegvelden, bruggen, tunnels, waterwegen, havens,  telecommunicatie- en elektriciteitsleidingen.Bouwrijp maken van grond valt ook onder deze rubriek.;Double;%;1;
A047163;A049176_1;182;Gebouwen;Andere gebouwen dan woningen, met inbegrip van de goederen, faciliteiten en apparatuur die hiervan integraal deel uitmaken en van de kosten van het bouwrijp maken van de bouwterreinen. Openbare monumenten die in de eerste plaats als bedrijfsgebouwen worden aangemerkt, behoren eveneens tot deze categorie. Openbare monumenten zijn herkenbaar wegens hun bijzondere historische, nationale, regionale, lokale, religieuze of symbolische betekenis. Zij worden als openbaar aangemerkt omdat zij openstaan voor het publiek, en niet omdat de overheidssector eigenaar is. Bezoekers moeten vaak entreegeld betalen. Voor de berekening van het verbruik van vaste activa bij nieuwe monumenten en grote verbeteringen van bestaande monumenten moet worden uitgegaan van een passende lange levensduur. Andere voorbeelden van gebouwen m.u.v. woningen zijn opslagplaatsen en fabrieksgebouwen, winkels, gebouwen voor openbaar amusement, hotels, restaurants, scholen, ziekenhuizen.;Double;%;1;
A047164;A049176_1;183;Grond- weg- en waterbouwkundige werken;Onder grond-, weg- en waterbouwkundige werken (GWW) vallen de kosten van de aanleg van straten en riolering en het bouwrijp maken van de bouwterreinen. Inbegrepen zijn verder openbare monumenten die niet als woning of ander gebouw zijn geclassificeerd, schachten, tunnels en andere bouwwerken in verband met de ontginning van minerale en energiereserves, en de bouw van zeeweringen, dijken, stormvloedkeringen, die bedoeld zijn om nabijgelegen grond, die zelf geen deel van de werken uitmaakt, te verbeteren. Voorbeelden zijn autowegen, straten en andere wegen, spoorwegen, start- en landingsbanen op vliegvelden, bruggen, verhoogde wegen, tunnels en metrotunnels, waterwegen, havens, dammen en andere waterwerken, pijpleidingen over lange afstand, communicatielijnen en elektriciteitsleidingen, plaatselijke pijpleidingen en kabels, bijkomende werken, bouwwerken voor de mijnbouw en de industrie of voor sport en recreatie.;Double;%;1;
A047165;A049176_1;184;Overdrachtskosten op grond;De kosten in ver band met de eigendomsoverdracht van grond,;Double;%;1;
A047166;D006106_1;185;Vervoermiddelen;Vervoermiddelen voor personen- of goederenvervoer. Voorbeelden: Automobielen, aanhangwagens, opleggers, schepen, spoor- en tramwegmateriaal, lucht- en ruimtevaartuigen, fietsen en motorrijwielen.;Double;%;1;
A049177_2;A049177_1;187;Totaal;;Double;%;1;
A047172;A049177_1;188;Computers;Gegevensverwerkende en elektronische apparaten voor zover deze door de gebruiker vrij programmeerbaar zijn. Onder deze categorie vallen ook randapparatuur zoals terminals en printers.;Double;%;1;
A047173;A049177_1;189;Telecommunicatieapparatuur;Apparatuur op het gebied van de telecommunicatietechnologie. Onder deze categorie vallen bijvoorbeeld telefoons, mobiele telefoons, televisie camera's, digitale camera's.;Double;%;1;
M006429;D006106_1;190;Machines en overige materiële activa;Investeringen in alle machines die gebruikt worden voor de productie. Verder ook de machines voor algemeen gebruik (zoals kantoormachines en audioapparatuur), werktuigen en vervoermiddelen die incidenteel gebruik maken van de openbare weg zoals tractoren, graafmachines, heftrucks en dergelijke. Ook wapensystemen behoren tot deze categorie. As laatste in deze categorie is de niet elders geclassificeerde materiële activa. Voorbeelden zijn meubilair, rekken, silo's, opslagtanks, containers, pallets, sportartikelen en muziekinstrumenten.;Double;%;1;
A047176;D006106_1;191;In cultuur gebrachte activa;Vee, wijngaarden, boomgaarden en andere aanplant van bomen met een regelmatige opbrengst, die onder rechtstreekse verantwoordelijkheid en onder rechtstreeks toezicht en beheer van institutionele eenheden staan, als hieronder omschreven. Onvolgroeide of onrijpe in cultuur gebrachte activa blijven buiten beschouwing, tenzij zij worden geproduceerd voor eigen gebruik.;Double;%;1;
A049178_2;A049178_1;193;Totaal;;Double;%;1;
A047178;A049178_1;194;Computerprogrammatuur en databanken;Computerprogramma's, programmabeschrijvingen en ondersteunend materiaal voor systeem- en toepassingsprogrammatuur. Inbegrepen zijn de aanvankelijke ontwikkeling en de latere uitbreidingen van de programmatuur, alsmede de aankoop van kopieën en databanken.;Double;%;1;
A047177;A049178_1;195;Onderzoek en ontwikkeling;Bestaat uit de waarde van uitgaven voor creatief werk dat systematisch wordt ondernomen ter vergroting van de hoeveelheid kennis, inclusief kennis van de mens, cultuur en maatschappij, en het gebruik van deze kennis om nieuwe toepassingen te ontwikkelen. De waarde wordt bepaald op basis van de economische baten die in de toekomst worden verwacht. Tenzij de waarde redelijk goed kan worden geraamd, wordt de waarde volgens afspraak vastgesteld als de som van de kosten, met inbegrip van de kosten van niet-geslaagd onderzoeks- en ontwikkelingswerk. Onderzoeks- en ontwikkelingswerk dat de eigenaar geen baten zal opleveren, wordt niet als actief, maar als intermediair verbruik geclassificeerd.;Double;%;1;
A047179;A049178_1;196;Overige immateriële activa;Niet elders geclassificeerde immateriële activa. Voorbeelden zijn exploratie en evaluatie van minerale reserves, originelen op het gebied van woord, beeld, geluid en overige intellectuele eigendommen.;Double;%;1;
D006115_1;M006130_1;197;Verkoop van gebruikte vaste activa (-);De uitvoer van gebruikte investeringsgoederen en de verkoop ervan aan huishoudens. Deze desinvesteringen worden niet verdeeld naar bedrijfsklassen of naar typen. Deze verkopen van gebruikte vaste activa worden gecorrigeerd op de investeringen.;Double;%;1;
A044490_4;M006130_3;199;Totaal;;Double;%;1;
D006106_4;D006106_3;201;Totaal;;Double;%;1;
301000_2;D006106_3;202;A Landbouw, bosbouw en visserij;"Deze sectie omvat:
- de exploitatie van natuurlijke plantaardige en dierlijke hulpbronnen:
w.o. de akkerbouw, veeteelt en de productie van overige planten en dieren
op een agrarisch bedrijf of in het natuurlijke leefgebied;
w.o. bosbouw, houtteelt en jacht;
w.o. specifieke loondiensten met betrekking tot het productieproces
landbouw, jacht en bosbouw worden eveneens in deze sectie ingedeeld;
w.o. visserij: de vangst of het kweken van vis, schaaldieren en
weekdieren.";Double;%;1;
300003;D006106_3;203;B-F Nijverheid en energie;"Deze categorie is een samentelling van categorieën:
B Winning van delfstoffen
C Industrie
D Productie en distributie van en handel in elektriciteit, aardgas, stoom
en gekoelde lucht
E Winning en distributie van water; afval- en afvalwaterbeheer en sanering
F Bouwnijverheid";Double;%;1;
300007_3;D006106_3;204;G-N Commerciële dienstverlening;"Deze categorie is een samentelling van categorieën:
G Groot- en detailhandel; reparatie van auto's
H Vervoer en opslag
I Logies-, maaltijd- en drankverstrekking
J Informatie en communicatie
K Financiële instellingen
L Verhuur van en handel in onroerend goed
M Advisering, onderzoek en overige specialistische zakelijke
dienstverlening
N Verhuur van roerende goederen en overige zakelijke dienstverlening";Double;%;1;
300013_3;D006106_3;205;O-U Niet-commerciële dienstverlening;"Niet-commerciële diensten: Bruto toegevoegde waarde tegen basisprijzen van
niet-commerciële dienstenproducenten.
Tot de niet-commerciële dienstenproducenten behoren de bedrijfstak
Overheid en de Zorg en overige dienstverlening.";Double;%;1;
D006115_2;M006130_3;206;Verkoop van gebruikte vaste activa (-);De uitvoer van gebruikte investeringsgoederen en de verkoop ervan aan huishoudens. Deze desinvesteringen worden niet verdeeld naar bedrijfsklassen of naar typen. Deze verkopen van gebruikte vaste activa worden gecorrigeerd op de investeringen.;Double;%;1;
A049140_3;M002549;208;Totaal;De goederen- en dienstenstromen (verkoop, ruil en giften) van ingezetenen (in Nederland) naar niet-ingezetenen. Uitvoer van goederen vindt plaats wanneer het economisch eigendom van goederen door een ingezetene wordt overgedragen aan een niet-ingezetene, ongeacht of er sprake is van een fysieke grensoverschrijdende goederenbeweging. Een bedrijf of instantie wordt als hier ingezetene beschouwd wanneer het minimaal een jaar in Nederland actief is. Of dit bedrijf of deze instantie in buitenlandse handen is, doet niet ter zake.;Double;%;1;
D006422_1;M002549;209;Landbouw, bosbouw en visserijproducten;Akker- en tuinbouwproducten, veeteeltproducten, diensten i.v.m. landbouw en veeteelt, bosbouw- en visserijproducten.;Double;%;1;
D006654_1;M002549;210;Winning van delfstoffen;Steenkool en bruinkool, ruwe aardolie en aardgas, metaalertsen, andere delfstoffen en ondersteunende diensten in verband met de winning van delfstoffen.;Double;%;1;
A047875_3;M002549;211;Voedingsmiddelen, dranken en tabak;"Aardappelen, groenten en fruit; vlees en vleeswaren; vis; zuivelproducten; brood, beschuit en broodproducten; overige voedingsmiddelen; consumptie-ijs; zoetwaren; dranken; tabak.";Double;%;1;
D006582_1;M002549;212;Textiel, kleding en producten van leder;Textiel garens en weefsels, overige textielwaren, kleding, leder en lederwaren;Double;%;1;
D006389_1;M002549;213;Hout- en papierwaren, drukwerk;Hout en houtproducten, papier en karton, sanitaire en huishoudelijke producten van papier, papier- en kartonwaren. Boeken, brochures en dergelijk drukwerk, drukwerk voor bladen en tijdschriften, bladen (abonnementen), bladen (advertenties), cd's, floppy's, cassettes en andere bespeelde informatiedragers, naslagwerken, bindwerk, grafische afwerking, zetten en stereotyperen, overig drukwerk.;Double;%;1;
D002317_1;M002549;214;Aardolieproducten;Cokes van vaste brandstoffen en steenkoolderivaten, benzine voor zuigermotoren (exclusief vliegtuigbenzine), petroleum voor reactiemotoren (jetfuel), gasolie en dieselolie, overige vloeibare brandstoffen, splijt- en kweekstoffen.;Double;%;1;
D006328_1;M002549;215;Chemische en farmaceutische producten;Anorganische chemische grondstoffen, organische chemische grondstoffen, kunstmeststoffen, kunstharsen, overige chemische grondstoffen, bestrijdingsmiddelen, verf en verfproducten, farmaceutische producten, zeep, onderhouds- en verzorgingsmiddelen, overige chemische producten, kunstmatige of synthetische vezels en garens.;Double;%;1;
D006550_1;M002549;216;Rubber, kunststof en minerale producten;Preservatieven, overige rubberproducten, kunststofproducten.;Double;%;1;
D006267_1;M002549;217;Basismetalen en metaalproducten;Basismetalen (ferro), basismetalen (non-ferro), constructiewerk en overige metaalproducten.;Double;%;1;
D006428_1;M002549;218;Machines en elektrische apparatuur;Machines, reparatie en onderhoud van overige machines, wapens en munitie, huishoudelijke apparaten.;Double;%;1;
D006349_1;M002549;219;Elektrotechnische en optische apparaten;Kantoormachines en computers, elektrische machines, audio-, video- en telecommunicatieapparaten, medische, precisie en optische apparaten.;Double;%;1;
D006608_1;M002549;220;Transportmiddelen;"Auto's, zeeschepen, overige schepen; reparatie, onderdelen voor schepen, rollend en ander materieel voor spoor- en tramwegen; reparatie en onderdelen, vliegtuigen, reparatie en onderhoud van vliegtuigen, motor- en bromfietsen en fietsen en onderdelen, invalidewagens en onderdelen, overige transportmiddelen.";Double;%;1;
D006513_1;M002549;221;Overige industriële producten;Meubelen, hout en houtproducten, glas en bouwmaterialen en overige industriële producten;Double;%;1;
D006521_1;M002549;222;Overige producten;Goederen en diensten niet eerder genoemd.;Double;%;1;
A047855_2;M002549;223;Consumptie niet-ingezetenen in Nederland;De consumptie door niet-ingezetenen in Nederland, zoals uitgaven tijdens vakantie.;Double;%;1;
M006329_1;M002549;224;Cif/fob-correctie;Correctie op de invoer- of uitvoerprijzen voor de daarin begrepen kosten van vervoer en verzekering door Nederlandse bedrijven in het buitenland. De invoer en de uitvoer worden met hetzelfde bedrag verminderd. Cif staat voor cost, insurance and freight en fob staat voor free on board.;Double;%;1;
A049141_3;A049141_2;226;Totaal;;Double;%;1;
M002489;A049141_2;227;Uitvoer goederen uit productie;Uitvoer van goederen die voortkomen uit productie en invoer;Double;%;1;
D001647;A049141_2;228;Wederuitvoer;Goederen die waren ingevoerd en daarna weer zijn uitgevoerd, na hoogstens een kleine bewerking te hebben ondergaan. De goederen zijn daarbij tijdelijk in bezit geweest van ingezetenen (in Nederland).;Double;%;1;
A049142_3;A049142_2;230;Totaal;;Double;%;1;
A047855_3;A049142_2;231;Consumptie niet-ingezetenen in Nederland;De consumptie door niet-ingezetenen in Nederland, zoals uitgaven tijdens vakantie.;Double;%;1;
M006524;A049142_2;232;Overige uitvoer van diensten;Uitvoer van diensten exclusief consumptie van diensten door niet-ingezetenen en Cif/fob-correctie.;Double;%;1;
M006329_2;A049142_2;233;Cif/fob-correctie;Correctie op de invoer- of uitvoerprijzen voor de daarin begrepen kosten van vervoer en verzekering door Nederlandse bedrijven in het buitenland. De invoer en de uitvoer worden met hetzelfde bedrag verminderd. Cif staat voor cost, insurance and freight en fob staat voor free on board.;Double;%;1;
A049145_3;M004229;235;Totaal;De goederen- en dienstenstromen (verkoop, ruil en giften) van niet-ingezetenen naar ingezetenen (in Nederland). Invoer van goederen vindt plaats wanneer de economische eigendom van goederen door een niet-ingezetene wordt overgedragen aan een ingezetene, ongeacht of er sprake is van een fysieke grensoverschrijdende goederenbeweging. Een bedrijf of instantie wordt als hier ingezetene beschouwd wanneer het minimaal een jaar in Nederland actief is. Of dit bedrijf of deze instantie in buitenlandse handen is, doet niet ter zake.;Double;%;1;
D006422_2;M004229;236;Landbouw, bosbouw en visserijproducten;Akker- en tuinbouwproducten, veeteeltproducten, diensten i.v.m. landbouw en veeteelt, bosbouw- en visserijproducten.;Double;%;1;
D006654_2;M004229;237;Winning van delfstoffen;Steenkool en bruinkool, ruwe aardolie en aardgas, metaalertsen, andere delfstoffen en ondersteunende diensten in verband met de winning van delfstoffen.;Double;%;1;
D003149;M004229;238;Voedingsmiddelen, dranken en tabak;"Aardappelen, groenten en fruit; vlees en vleeswaren; vis; zuivelproducten; brood, beschuit en broodproducten; overige voedingsmiddelen; consumptie-ijs; zoetwaren; dranken; tabak.";Double;%;1;
D006582_2;M004229;239;Textiel, kleding en producten van leder;Textiel garens en weefsels, overige textielwaren, kleding, leder en lederwaren.;Double;%;1;
D006389_2;M004229;240;Hout- en papierwaren, drukwerk;Hout en houtproducten, papier en karton, sanitaire en huishoudelijke producten van papier, papier- en kartonwaren. Boeken, brochures en dergelijk drukwerk, drukwerk voor bladen en tijdschriften, bladen (abonnementen), bladen (advertenties), cd's, floppy's, cassettes en andere bespeelde informatiedragers, naslagwerken, bindwerk, grafische afwerking, zetten en stereotyperen, overig drukwerk.;Double;%;1;
D002317_2;M004229;241;Aardolieproducten;Cokes van vaste brandstoffen en steenkoolderivaten, benzine voor zuigermotoren (exclusief vliegtuigbenzine), petroleum voor reactiemotoren (jetfuel), gasolie en dieselolie, overige vloeibare brandstoffen, splijt- en kweekstoffen.;Double;%;1;
D006328_2;M004229;242;Chemische en farmaceutische producten;Anorganische chemische grondstoffen, organische chemische grondstoffen, kunstmeststoffen, kunstharsen, overige chemische grondstoffen, bestrijdingsmiddelen, verf en verfproducten, farmaceutische producten, zeep, onderhouds- en verzorgingsmiddelen, overige chemische producten, kunstmatige of synthetische vezels en garens.;Double;%;1;
D006550_2;M004229;243;Rubber, kunststof en minerale producten;Preservatieven, overige rubberproducten, kunststofproducten.;Double;%;1;
D006267_2;M004229;244;Basismetalen en metaalproducten;Basismetalen (ferro), basismetalen (non-ferro), constructiewerk en overige metaalproducten.;Double;%;1;
D006428_2;M004229;245;Machines en elektrische apparatuur;Machines, reparatie en onderhoud van overige machines, wapens en munitie, huishoudelijke apparaten.;Double;%;1;
D006349_2;M004229;246;Elektrotechnische en optische apparaten;Kantoormachines en computers, elektrische machines, audio-, video- en telecommunicatieapparaten, medische, precisie en optische apparaten.;Double;%;1;
D006608_2;M004229;247;Transportmiddelen;"Auto's, zeeschepen, overige schepen; reparatie, onderdelen voor schepen, rollend en ander materieel voor spoor- en tramwegen; reparatie en onderdelen, vliegtuigen, reparatie en onderhoud van vliegtuigen, motor- en bromfietsen en fietsen en onderdelen, invalidewagens en onderdelen, overige transportmiddelen.";Double;%;1;
D006513_2;M004229;248;Overige industriële producten;Meubelen, hout en houtproducten, glas en bouwmaterialen en overige industriële producten;Double;%;1;
D006521_2;M004229;249;Overige producten;Goederen en diensten niet eerder genoemd.;Double;%;1;
A047856_2;M004229;250;Consumptie ingezetenen in het buitenland;De consumptie door Nederlandse ingezetenen in het buitenland, zoals uitgaven tijdens vakantie.;Double;%;1;
M006329_3;M004229;251;Cif/fob-correctie;Correctie op de invoer- of uitvoerprijzen voor de daarin begrepen kosten van vervoer en verzekering door Nederlandse bedrijven in het buitenland. De invoer en de uitvoer worden met hetzelfde bedrag verminderd. Cif staat voor cost, insurance and freight en fob staat voor free on board.;Double;%;1;
A049146_3;A049146_2;253;Totaal;;Double;%;1;
M004223;A049146_2;254;Invoer goederen (cif);De voor ingezetenen bestemde goederen, die vanuit het buitenland in het economisch gebied van Nederland zijn gebracht exclusief de cif/fob-correctie en herclassificatie.;Double;%;1;
M006330_1;A049146_2;255;Cif/fob-correctie en herclassificatie;"De cif/fob-correctie is een correctie op de invoer- of uitvoerprijzen voor de daarin begrepen kosten van vervoer en verzekering door Nederlandse bedrijven in het buitenland. De invoer en de uitvoer worden met hetzelfde bedrag verminderd.
De cif/fob-herclassificatie is een correctie op de invoerprijzen voor de daarin begrepen kosten van vervoer en verzekering door buitenlandse bedrijven in het buitenland. Er vindt hierdoor een verschuiving plaats van invoer van goederen naar invoer van diensten.
Cif staat voor cost, insurance and freight en fob staat voor free on board.";Double;%;1;
A049147_3;A049147_2;257;Totaal;;Double;%;1;
M004220;A049147_2;258;Invoer diensten (cif);Hieronder vallen onder andere de uitgaven van Nederlandse bedrijven in het buitenland, zoals vervoerskosten, bankkosten en zakenreizen. Bij de overheid gaat het onder meer om uitgaven van Nederlandse ambassades en consulaten in het buitenland inclusief cif/fob-herclassificatie.;Double;%;1;
M006330_2;A049147_2;259;Cif/fob-herclassificatie;Correctie op de invoerprijzen voor de daarin begrepen kosten van vervoer en verzekering door buitenlandse bedrijven in het buitenland. Er vindt hierdoor een verschuiving plaats van invoer van goederen naar invoer van diensten. Cif staat voor cost, insurance and freight en fob staat voor free on board.;Double;%;1;
A044442_3;A044442_2;261;Totaal;;Double;%;1;
A044443_2;A044442_2;262;Productgebonden belastingen;Belastingen die moeten worden betaald per eenheid van een bepaald goed dat of bepaalde dienst die is geproduceerd of ingevoerd. De belasting kan een bepaald bedrag per kwantitatieve eenheid van een goed of een dienst zijn, of worden berekend als een bepaald percentage van de prijs per eenheid of van de waarde van de geproduceerde of verhandelde goederen en diensten.;Double;%;1;
A044447;A044442_2;263;Niet-productgebonden belastingen;Dit zijn de belastingen op productie die producenten moeten betalen, ongeacht de hoeveelheid of de waarde van de geproduceerde of verkochte producten. Voorbeelden hiervan zijn de onroerendezaakbelasting, reinigingsrechten en rioolrechten betaald door producenten.;Double;%;1;
A044449_3;A044449_2;265;Totaal subsidies;;Double;%;1;
A044450_2;A044449_2;266;Productgebonden subsidies;Subsidies die zijn uitgekeerd per geproduceerde of ingevoerde eenheid van een goed of een dienst. De subsidies zijn gerelateerd aan de waarde of aan de hoeveelheid van het product.;Double;%;1;
A044451;A044449_2;267;Niet-productgebonden subsidies;Onder subsidies die niet-productgebonden zijn, vallen de subsidies op productie, die niet direct relateerbaar zijn aan de waarde of de hoeveelheid geproduceerde en verkochte producten. Het betreft vooral landbouwsubsidies, subsidies op R&D en loonsubsidies.;Double;%;1;
